<?xml version="1.0" encoding="UTF-8"?>
<!DOCTYPE mapper PUBLIC "-//mybatis.org//DTD Mapper 3.0//EN" "http://mybatis.org/dtd/mybatis-3-mapper.dtd">

<mapper namespace="com.cf.dao.SysRoleDao">

	<select id="queryObject" resultType="com.cf.entity.SysRoleEntity">
		select * from sys_role where role_id = #{value}
	</select>
	
	 <select id="queryList" resultType="com.cf.entity.SysRoleEntity">
		select * from sys_role order by role_id asc 
		<if test="offset != null and limit != null">
			limit #{offset}, #{limit}
		</if>
	</select>
	
	<select id="queryTotal" resultType="int">
		select count(*) from sys_role
	</select>
	
	<insert id="save" parameterType="com.cf.entity.SysRoleEntity" useGeneratedKeys="true" keyProperty="roleId">
		insert into sys_role
		(
			`role_id`, 
			`role_name`, 
			`remark`,
			`create_time`
		)
		values
		(
			#{roleId}, 
			#{roleName}, 
			#{remark},
			#{createTime}
		)
	</insert>
	 
	<update id="update" parameterType="com.cf.entity.SysRoleEntity">
		update sys_role 
		<set> 
			<if test="roleName != null">`role_name` = #{roleName}, </if>
			<if test="remark != null">`remark` = #{remark}</if>
		</set>
		where role_id = #{roleId}
	</update>
	
	<delete id="deleteBatch">
		delete from sys_role where role_id in 
		<foreach item="roleId" collection="array" open="(" separator="," close=")">
			#{roleId}
		</foreach>
		;
		delete from sys_role_menu where role_id in 
		<foreach item="roleId" collection="array" open="(" separator="," close=")">
			#{roleId}
		</foreach>
		;
		delete from sys_user_role where role_id in 
		<foreach item="roleId" collection="array" open="(" separator="," close=")">
			#{roleId}
		</foreach>
	</delete>
	

</mapper>